<?xml version="1.0" encoding="UTF-8"?>
<project-private xmlns="http://www.netbeans.org/ns/project-private/1">
    <editor-bookmarks xmlns="http://www.netbeans.org/ns/editor-bookmarks/2" lastBookmarkId="0"/>
    <open-files xmlns="http://www.netbeans.org/ns/projectui-open-files/2">
        <group>
            <file>file:/C:/Users/Guilh/Documents/NetBeansProjects/Projeto%20Integrador%202/src/telas/Login.java</file>
            <file>file:/C:/Users/Guilh/Documents/NetBeansProjects/Projeto%20Integrador%202/src/telas/Menu.java</file>
            <file>file:/C:/Users/Guilh/Documents/NetBeansProjects/Projeto%20Integrador%202/src/dal/ModuloConexao.java</file>
        </group>
    </open-files>
</project-private>
